CPU_Frequency (GHz),RAM (GB),Memory,Weight (kg),Price (Euro),Laptop_ID
2.3,8,128GB SSD,1.37,1339.69,1
1.8,8,128GB Flash Storage,1.34,898.94,2
2.5,8,256GB SSD,1.86,575.0,3
2.7,16,512GB SSD,1.83,2537.45,4
3.1,8,256GB SSD,1.37,1803.6,5
3.0,4,500GB HDD,2.1,400.0,6
2.2,16,256GB Flash Storage,2.04,2139.97,7
1.8,8,256GB Flash Storage,1.34,1158.7,8
1.8,16,512GB SSD,1.3,1495.0,9
1.6,8,256GB SSD,1.6,770.0,10
2.5,4,500GB HDD,1.86,393.9,11
2.0,4,500GB HDD,1.86,344.99,12
2.8,16,256GB SSD,1.83,2439.97,13
2.0,4,256GB SSD,2.2,498.9,14
1.2,8,256GB SSD,0.92,1262.4,15
2.3,8,256GB SSD,1.37,1518.55,16
2.7,8,256GB SSD,2.2,745.0,17
2.9,16,512GB SSD,1.83,2858.0,18
2.4,8,1TB HDD,2.2,499.0,19
1.6,8,128GB SSD,1.22,979.0,20
1.44,2,32GB Flash Storage,0.98,191.9,21
2.5,8,128GB SSD +  1TB HDD,2.5,999.0,22
1.5,4,500GB HDD,1.86,258.0,23
1.6,8,256GB SSD,1.62,819.0,24
1.8,8,256GB SSD,1.91,659.0,25
2.0,4,1TB HDD,2.3,418.64,26
1.6,8,128GB Flash Storage,1.35,1099.0,27
1.6,8,256GB SSD,2.2,800.0,28
1.9,8,256GB SSD +  256GB SSD,1.88,1298.0,29
1.6,8,1TB HDD,2.5,896.0,30
1.44,4,64GB Flash Storage,1.89,244.99,31
1.5,2,32GB Flash Storage,1.65,199.0,32
2.5,4,500GB HDD,2.71,439.0,33
1.8,16,512GB SSD,1.2,1869.0,34
1.6,8,256GB Flash Storage,1.35,998.0,35
1.1,4,64GB Flash Storage,1.44,249.0,36
2.7,4,1TB HDD,2.1,367.0,37
1.6,8,128GB SSD +  1TB HDD,2.8,979.0,38
2.5,4,1TB HDD,1.86,488.69,39
1.6,8,256GB SSD,2.1,879.0,40
2.0,4,1TB HDD,2.0,389.0,41
2.8,16,256GB SSD +  1TB HDD,2.65,1499.0,42
2.5,8,1TB HDD,2.3,522.99,43
1.6,4,256GB SSD,2.2,682.0,44
1.6,12,1TB HDD,2.77,999.0,45
2.0,8,256GB SSD,1.37,1419.0,46
2.0,4,128GB SSD,2.2,369.0,47
3.0,8,256GB SSD +  1TB HDD,3.2,1299.0,48
2.5,4,256GB SSD,2.3,639.0,49
1.1,4,1TB HDD,2.8,466.0,50
1.44,4,64GB Flash Storage,0.69,319.0,51
1.8,8,256GB SSD,2.2,841.0,52
2.5,4,256GB SSD,1.86,398.49,53
1.8,8,512GB SSD,1.49,1103.0,54
2.4,4,1TB HDD,2.4,384.0,55
1.8,8,256GB SSD,2.13,767.8,56
2.0,4,128GB SSD,1.91,439.0,57
2.5,4,256GB SSD,2.0,586.19,58
2.8,16,256GB SSD +  2TB HDD,2.43,2449.0,59
2.0,4,256GB SSD,2.0,415.0,60
1.8,16,256GB SSD +  2TB HDD,2.8,1299.0,61
1.6,8,256GB SSD,1.7,879.0,62
2.7,8,256GB SSD,1.7,599.0,63
1.6,8,256GB SSD,1.4,941.0,64
2.5,8,256GB SSD,1.86,690.0,65
2.8,16,512GB SSD,1.8,1983.0,66
2.0,4,500GB HDD,1.86,438.69,67
1.6,4,32GB SSD,1.44,229.0,68
2.5,4,1TB HDD,1.9,549.0,69
2.8,12,1TB HDD,3.0,949.0,70
2.5,4,128GB SSD,1.252,1089.0,71
1.8,8,256GB SSD,1.4,955.0,72
1.8,8,256GB SSD,2.2,870.0,73
2.5,8,128GB SSD +  1TB HDD,2.7,1095.0,74
2.0,8,1TB HDD,2.1,389.0,75
2.8,8,1TB HDD,2.2,949.0,76
2.5,8,2TB HDD,2.2,519.0,77
1.8,8,128GB SSD +  1TB HDD,2.02,855.0,78
2.7,4,1TB HDD,2.2,530.0,79
1.6,8,128GB SSD +  1TB HDD,2.5,977.0,80
1.6,8,256GB SSD,1.88,1096.16,81
1.3,8,512GB SSD,0.92,1510.0,82
1.6,8,256GB SSD,1.63,860.0,83
2.5,4,128GB SSD,2.2,399.0,84
3.0,4,1TB HDD,2.1,395.0,85
2.8,16,128GB SSD +  1TB HDD,2.65,1349.0,86
1.8,8,256GB SSD,1.83,699.0,87
2.5,8,256GB SSD,1.96,598.99,88
2.8,16,128GB SSD +  1TB HDD,2.2,1449.0,89
1.8,8,256GB SSD,1.21,1649.0,90
3.0,8,1TB HDD,2.45,699.0,91
1.8,8,1TB HDD,2.2,689.0,92
1.8,16,512GB SSD,1.49,1197.0,93
2.5,8,256GB SSD,2.65,1195.0,94
2.7,8,256GB SSD,1.25,1049.0,95
1.6,8,256GB SSD,1.5,847.0,96
2.7,8,1TB HDD,2.2,599.9,97
2.0,4,256GB SSD,2.2,485.0,98
2.4,6,256GB SSD,2.0,577.0,99
2.8,12,128GB SSD +  1TB HDD,2.62,1249.0,100
2.7,8,256GB SSD,1.91,719.0,101
1.5,4,500GB HDD,2.1,349.0,102
1.6,8,1TB HDD,2.2,647.0,103
2.7,8,256GB SSD,1.38,1119.0,104
2.5,8,256GB SSD,1.252,1340.0,105
2.5,6,256GB SSD,1.58,659.0,106
2.0,4,1TB HDD,1.85,414.9,107
2.7,8,256GB SSD,1.3,1193.0,108
2.8,16,256GB SSD +  1TB HDD,2.2,1299.0,109
2.7,8,256GB SSD,1.58,1480.0,110
1.8,16,256GB SSD +  1TB HDD,1.5,1262.0,111
2.4,8,256GB SSD,1.23,1379.0,112
2.5,8,256GB SSD,1.37,1399.0,113
1.6,4,500GB HDD,1.63,722.0,114
1.6,8,256GB SSD,1.21,1629.0,115
1.6,8,256GB SSD,1.26,1398.99,116
1.8,8,512GB SSD,1.63,1084.0,117
1.8,8,256GB SSD +  1TB HDD,2.16,1130.33,118
2.0,4,1TB HDD,2.0,564.0,119
1.8,8,256GB SSD,1.7,1118.0,120
2.4,6,1TB HDD,2.1,479.0,121
2.8,16,256GB SSD +  2TB HDD,1.8,2241.5,122
2.5,8,256GB SSD,2.2,629.0,123
1.8,16,512GB SSD,2.5,1271.0,124
3.0,4,256GB SSD,2.1,451.0,125
1.6,4,500GB HDD,1.86,259.0,126
1.6,8,1TB HDD,1.63,812.0,127
1.5,4,64GB SSD,1.65,277.99,128
1.8,16,256GB SSD +  2TB HDD,2.8,1396.0,129
1.6,8,256GB SSD,2.5,928.0,130
2.5,8,1TB HDD,2.36,638.99,131
2.0,4,1TB HDD,2.2,449.0,132
1.8,8,256GB SSD,1.6,884.0,133
2.7,4,256GB SSD,2.2,572.0,134
2.7,8,1TB HDD,2.05,598.0,135
1.8,8,256GB SSD,1.63,988.0,136
1.1,4,1TB HDD,1.9,252.36,137
2.5,8,128GB SSD +  1TB HDD,3.0,938.0,138
2.5,4,1TB HDD,2.2,499.0,139
2.5,4,256GB SSD,1.32,699.0,140
2.7,4,1TB HDD,3.0,655.0,141
1.6,8,256GB SSD,1.75,1116.02,142
2.8,8,256GB SSD,2.4,869.0,143
2.3,4,500GB HDD,2.1,602.0,144
2.5,4,256GB SSD,1.86,369.0,145
1.8,8,256GB SSD,1.25,1099.0,146
1.2,8,512GB SSD,0.97,2014.0,147
1.1,4,1TB HDD,2.0,344.0,148
2.8,16,256GB SSD +  1TB HDD,2.9,2029.0,149
2.0,4,1TB HDD,2.1,447.0,150
2.8,16,512GB SSD,2.56,1249.26,151
2.8,8,1.0TB Hybrid,2.62,899.0,152
2.5,4,128GB SSD,1.9,498.0,153
2.8,16,256GB SSD +  1TB HDD,2.8,1890.0,154
2.7,4,256GB SSD,1.48,1082.0,155
1.6,6,256GB SSD,1.91,619.0,156
2.4,4,256GB SSD,1.74,629.0,157
1.6,8,256GB SSD,1.1,1315.0,158
1.8,8,256GB SSD,1.56,1049.0,159
2.2,4,500GB HDD,2.1,447.0,160
3.0,4,1TB HDD,2.03,403.0,161
1.6,4,256GB SSD,3.0,805.0,162
1.6,8,256GB SSD,2.13,728.0,163
2.8,16,256GB SSD,2.5,1079.0,164
1.1,4,1TB HDD,2.1,348.0,165
2.8,16,256GB SSD +  1TB HDD,2.4,1799.0,166
1.1,4,1TB HDD,2.1,363.51,167
2.8,8,128GB SSD +  1TB HDD,2.56,1060.49,168
1.6,8,256GB SSD,3.0,854.0,169
1.6,4,500GB HDD,1.49,754.0,170
2.5,8,256GB SSD,1.05,1349.0,171
2.5,6,2TB HDD,2.71,699.0,172
2.9,4,500GB HDD,2.2,309.0,173
2.4,4,500GB HDD,2.0,489.0,174
1.6,8,256GB SSD,2.5,923.0,175
2.4,8,1TB HDD,2.3,459.0,176
2.0,4,128GB SSD,2.1,449.0,177
2.9,32,512GB SSD +  1TB HDD,4.4,2799.0,178
2.5,8,128GB SSD +  1TB HDD,1.9,813.0,179
1.6,8,256GB SSD,1.29,1499.0,180
1.8,16,256GB SSD +  2TB HDD,2.02,1049.0,181
1.6,8,256GB SSD,1.23,1399.0,182
1.8,16,512GB SSD,1.4,1849.0,183
2.5,8,128GB SSD,2.0,793.0,184
1.6,8,256GB SSD,1.95,1199.0,185
1.8,16,512GB SSD,2.77,1549.0,186
2.8,16,512GB SSD,2.06,2397.0,187
2.5,8,256GB SSD,2.4,779.0,188
1.2,8,256GB SSD,1.12,989.0,189
1.8,8,128GB SSD +  1TB HDD,2.8,1085.0,190
2.7,16,1TB SSD,1.42,2824.0,191
1.1,4,32GB Flash Storage,1.3,260.0,192
2.5,8,256GB SSD,1.3,999.9,193
1.6,8,256GB SSD,2.8,698.0,194
1.8,8,1TB HDD,1.62,839.0,195
1.6,8,1TB HDD,2.5,914.0,196
2.9,32,1TB SSD,3.49,6099.0,197
1.6,8,512GB SSD,1.49,959.0,198
2.8,16,256GB SSD +  1TB HDD,3.35,1379.0,199
1.8,8,256GB SSD,2.5,1045.0,200
2.8,16,512GB SSD +  1TB HDD,2.65,1845.0,201
2.3,4,128GB SSD,2.1,493.0,202
2.7,8,1TB HDD,2.23,742.0,203
2.8,16,512GB SSD +  1TB HDD,3.2,1749.0,204
3.0,16,256GB SSD +  1TB HDD,2.8,3055.0,205
2.8,16,512GB SSD,2.4,1398.0,206
2.4,6,1TB HDD,2.3,439.0,207
1.8,8,256GB SSD,1.21,1949.0,208
1.8,8,256GB SSD,1.2,1449.0,209
2.5,8,256GB SSD,2.2,597.0,210
2.8,8,1TB HDD,2.4,779.0,211
2.8,16,256GB SSD +  1TB HDD,2.9,1407.0,212
2.0,4,500GB HDD,2.1,349.0,213
2.5,8,256GB SSD,2.2,549.0,214
2.7,8,512GB SSD,1.05,1499.0,215
1.8,8,256GB SSD,1.4,931.88,216
2.5,8,1TB HDD,2.8,589.0,217
1.8,8,256GB SSD,1.63,1031.0,218
1.6,8,256GB SSD,1.6,1149.0,219
1.8,16,512GB SSD,1.62,1279.0,220
1.6,8,256GB SSD,2.2,677.35,221
1.6,8,256GB SSD,1.74,899.0,222
2.5,8,256GB SSD,1.2,1363.0,223
1.6,8,1TB HDD,2.1,794.0,224
2.8,16,256GB SSD +  1TB HDD,4.42,2456.34,225
2.7,8,256GB SSD,2.2,832.0,226
2.7,16,1TB HDD,2.3,859.01,227
2.5,8,256GB SSD,2.0,769.0,228
2.5,8,256GB SSD +  500GB HDD,2.69,891.0,229
2.7,8,1TB HDD,1.9,1269.0,230
2.4,4,1TB HDD,2.37,398.99,231
1.5,4,500GB HDD,2.1,330.0,232
2.8,16,256GB SSD +  1TB HDD,3.2,1499.0,233
2.5,8,256GB SSD,1.6,859.0,234
2.3,8,256GB SSD,1.6,689.0,235
2.7,16,256GB SSD,2.36,899.0,236
2.0,4,1TB HDD,2.1,390.0,237
2.5,4,128GB SSD +  1TB HDD,2.2,575.0,238
2.9,32,512GB SSD +  1TB HDD,4.7,3890.0,239
2.5,8,256GB SSD,2.5,846.0,240
2.0,8,128GB SSD,2.2,589.0,241
1.8,8,128GB SSD +  1TB HDD,2.1,1145.0,242
2.7,8,128GB SSD +  1TB HDD,2.69,889.0,243
2.5,8,256GB SSD,2.56,879.0,244
2.7,8,256GB SSD,1.38,1079.0,245
1.8,8,128GB SSD +  2TB HDD,2.2,985.0,246
2.5,8,1TB HDD,2.04,559.0,247
2.9,16,256GB SSD,3.6,2999.0,248
1.6,4,500GB HDD,1.49,675.0,249
3.1,8,512GB SSD,1.37,2040.0,250
1.8,8,1TB HDD,2.08,819.0,251
2.8,16,256GB SSD +  1TB HDD,4.3,1799.0,252
3.0,4,1TB HDD,1.68,469.0,253
1.8,8,512GB SSD,1.37,1849.0,254
2.7,4,256GB SSD,3.0,702.0,255
1.6,8,256GB SSD,1.41,949.0,256
2.5,8,128GB SSD,1.91,445.9,257
1.8,16,1TB HDD,2.9,1059.0,258
2.8,16,512GB SSD +  1TB HDD,4.14,2499.0,259
2.8,8,512GB SSD,2.0,1699.0,260
1.8,8,128GB SSD +  1TB HDD,2.8,1142.0,261
2.0,4,256GB SSD,2.2,444.0,262
1.6,4,500GB HDD,2.1,722.0,263
2.5,4,1TB HDD,2.18,657.0,264
2.5,8,1TB HDD,2.24,565.0,265
1.6,8,256GB SSD,2.67,799.0,266
1.8,8,512GB SSD +  512GB SSD,1.1,1499.0,267
2.5,4,1TB HDD,2.2,467.0,268
1.8,8,1TB HDD,2.5,1018.0,269
1.8,8,256GB SSD,2.05,880.0,270
2.9,8,512GB SSD,1.37,1958.9,271
3.0,16,256GB SSD +  1TB HDD,3.2,1549.0,272
1.8,8,256GB SSD,2.14,735.07,273
2.6,16,512GB SSD,1.36,2499.0,274
2.5,8,500GB HDD,2.2,812.0,275
2.7,12,1TB HDD,2.3,713.07,276
1.8,8,128GB SSD +  1TB HDD,2.8,1099.0,277
1.8,8,1TB HDD,2.2,745.0,278
2.0,4,1TB HDD,2.8,489.0,279
1.8,8,2TB HDD,2.8,849.0,280
2.7,6,128GB SSD +  1TB HDD,2.8,859.0,281
2.0,4,1TB HDD,2.25,428.0,282
2.5,8,256GB SSD,2.5,829.0,283
2.5,6,256GB SSD,2.2,579.0,284
1.8,8,256GB SSD,3.0,951.0,285
2.7,12,1TB HDD,2.15,659.0,286
2.7,8,256GB SSD,1.95,1097.0,287
2.5,8,256GB SSD,1.7,977.0,288
2.8,16,256GB SSD +  1TB HDD,2.5,1179.0,289
2.7,8,1TB HDD,2.2,659.01,290
1.5,2,16GB SSD,2.19,199.0,291
2.8,8,1TB HDD,3.0,1187.0,292
2.0,8,1TB HDD,2.54,489.0,293
2.8,8,256GB SSD,2.0,1829.0,294
1.6,8,256GB SSD,2.05,739.0,295
2.8,8,1TB HDD,3.2,1299.0,296
2.8,8,256GB SSD,2.5,979.0,297
2.9,16,256GB SSD,3.42,2884.86,298
2.4,6,1TB HDD,2.4,499.0,299
2.7,16,512GB SSD,1.63,1468.0,300
2.4,4,128GB SSD,1.3,509.0,301
2.8,16,256GB SSD +  1TB HDD,2.9,2122.0,302
2.5,6,1TB HDD,2.8,649.0,303
2.5,8,2TB HDD,2.2,549.0,304
2.8,8,128GB SSD +  1TB HDD,2.5,1265.0,305
1.1,4,1TB HDD,2.2,359.99,306
2.8,16,256GB SSD,1.28,1975.0,307
2.5,8,256GB SSD,2.2,1043.0,308
2.5,8,128GB SSD +  1TB HDD,2.3,819.0,309
2.0,4,1TB HDD,1.86,469.0,310
2.5,8,256GB SSD,1.1,999.0,311
1.8,16,1TB SSD,1.21,2499.0,312
2.8,16,256GB SSD +  1TB HDD,2.8,2099.0,313
2.2,8,256GB SSD,2.23,469.0,314
1.1,2,32GB Flash Storage,1.1,275.0,315
1.6,8,128GB SSD +  1TB HDD,2.33,844.0,316
1.8,16,1TB SSD,1.29,2449.0,317
1.6,4,16GB Flash Storage,1.45,459.9,318
2.5,8,256GB SSD,1.95,980.0,319
1.6,4,128GB Flash Storage,1.4,485.0,320
2.7,8,256GB SSD,1.48,1292.0,321
2.5,4,1TB HDD,2.79,589.0,322
2.7,8,256GB SSD,2.0,1094.0,323
1.8,8,1TB HDD,2.1,902.0,324
2.7,8,256GB SSD,2.2,659.0,325
1.1,4,32GB Flash Storage,1.44,292.0,326
2.5,6,1TB HDD,2.23,549.0,327
2.7,8,256GB SSD,1.7,1049.9,328
2.7,8,256GB SSD,1.26,1335.0,329
2.8,32,1TB SSD,2.06,2639.0,330
2.8,8,256GB SSD +  1TB HDD,2.7,1199.0,331
2.5,8,256GB SSD,2.0,943.0,332
2.7,8,256GB SSD +  1TB HDD,2.0,1334.0,333
2.0,4,1TB HDD,1.85,449.0,334
2.8,8,256GB SSD,2.5,999.0,335
2.6,8,256GB SSD,1.48,1268.0,336
1.6,8,128GB SSD +  1TB HDD,1.9,1049.0,337
2.5,8,256GB SSD,1.84,1144.0,338
1.1,4,1TB HDD,2.0,274.99,339
1.6,8,256GB SSD,2.0,1142.75,340
1.6,4,500GB HDD,2.2,274.9,341
3.6,12,2TB HDD,2.2,899.0,342
2.4,8,1TB HDD,2.1,716.0,343
1.8,16,512GB SSD,1.4,2099.0,344
1.8,8,256GB SSD,1.2,1579.0,345
2.8,16,256GB SSD +  2TB HDD,2.4,1129.0,346
1.6,2,32GB Flash Storage,1.44,279.0,347
1.9,16,512GB SSD +  256GB SSD,1.88,1607.96,348
1.1,4,32GB Flash Storage,1.5,375.0,349
1.6,8,1TB HDD,1.9,663.0,350
2.8,16,512GB SSD,2.06,2027.42,351
2.7,8,256GB SSD,1.84,1304.0,352
2.8,8,128GB SSD +  1TB HDD,2.7,1409.0,353
2.8,8,256GB SSD,2.6,1738.27,354
2.5,16,512GB SSD,2.4,1403.0,355
1.8,8,128GB SSD +  2TB HDD,2.02,970.9,356
1.1,4,1TB HDD,2.2,321.99,357
2.5,8,1TB HDD,2.65,999.0,358
2.5,8,2TB HDD,2.36,557.37,359
2.6,8,256GB SSD,1.36,1427.0,360
2.0,4,500GB HDD,1.86,439.0,361
2.5,8,256GB SSD,2.0,945.0,362
2.5,6,128GB SSD +  1TB HDD,2.8,719.0,363
2.5,8,1TB HDD,1.86,639.0,364
2.0,8,256GB SSD,2.2,499.0,365
1.6,8,2TB HDD,2.04,389.0,366
1.6,8,128GB SSD +  1TB HDD,2.8,1085.0,367
2.5,8,128GB SSD +  1TB HDD,2.4,809.0,368
2.7,8,256GB SSD,2.33,899.0,369
2.7,8,256GB SSD,1.36,1750.0,370
2.7,12,512GB SSD +  2TB HDD,2.26,1099.0,371
3.0,4,128GB SSD,2.1,426.0,372
3.0,16,256GB SSD +  1TB HDD,3.25,2199.0,373
2.2,4,128GB SSD,2.6,489.0,374
1.8,8,256GB SSD,1.62,869.01,375
3.0,4,256GB SSD,1.91,488.99,376
1.1,4,128GB SSD,1.59,553.0,377
1.6,4,500GB HDD,1.8,309.0,378
1.1,4,32GB Flash Storage,1.5,286.0,379
2.8,8,1TB HDD,2.4,846.0,380
2.8,8,128GB SSD +  1TB HDD,3.35,1191.0,381
2.0,4,128GB SSD,1.85,403.5,382
2.8,8,128GB SSD +  1TB HDD,2.3,1655.0,383
2.5,8,256GB SSD,1.5,1099.0,384
2.7,16,512GB SSD,1.1,1748.9,385
2.7,8,512GB SSD,1.13,2282.0,386
2.4,4,128GB SSD,1.5,549.0,387
2.6,8,500GB HDD,2.23,1369.0,388
2.7,8,256GB SSD,2.0,2135.0,389
2.7,16,512GB SSD,1.42,2509.0,390
2.8,8,1TB HDD,3.0,1039.0,391
2.8,16,256GB SSD +  1TB HDD,3.0,1591.0,392
1.6,12,1TB HDD,2.2,693.99,393
2.8,8,256GB SSD,2.7,1349.0,394
2.7,8,256GB SSD,2.33,778.87,395
3.0,4,256GB SSD,1.91,499.0,396
1.8,8,256GB SSD,2.1,1229.56,397
2.5,8,256GB SSD,1.9,938.0,398
2.8,8,256GB SSD,1.78,2712.0,399
2.7,16,1TB SSD,1.13,2625.0,400
1.1,4,1TB HDD,2.2,306.0,401
2.8,16,256GB SSD +  1TB HDD,2.9,1529.0,402
1.6,8,256GB SSD +  1TB HDD,2.1,1144.5,403
2.8,8,256GB SSD,2.5,879.0,404
2.8,16,256GB SSD +  1TB HDD,2.8,2249.0,405
2.7,8,512GB SSD,1.1,1873.0,406
2.5,16,512GB SSD,1.2,1747.0,407
2.8,8,512GB SSD,1.36,1680.0,408
2.0,4,500GB HDD,2.2,409.0,409
1.1,2,32GB Flash Storage,1.15,304.45,410
2.8,8,512GB SSD,2.67,1925.0,411
2.8,8,512GB SSD,1.7,1943.0,412
2.0,4,1TB HDD,2.1,469.0,413
2.5,8,256GB SSD,1.6,789.01,414
2.5,8,256GB SSD,1.27,928.0,415
2.5,4,256GB SSD,2.3,598.9,416
2.0,4,128GB SSD,1.65,689.0,417
2.5,8,256GB SSD,1.43,1500.0,418
2.5,8,1TB HDD,2.14,539.95,419
1.8,8,256GB SSD,1.75,1215.38,420
2.8,16,512GB SSD,2.0,1899.0,421
1.1,6,64GB Flash Storage,1.4,449.0,422
2.9,8,256GB SSD,2.31,1427.0,423
2.4,8,1TB HDD,2.3,597.0,424
2.9,16,256GB SSD +  1TB HDD,4.42,2799.0,425
2.8,8,128GB SSD +  1TB HDD,2.62,1159.0,426
1.8,8,256GB SSD +  2TB HDD,2.02,1142.4,427
2.8,8,256GB SSD,1.6,1099.0,428
2.8,12,256GB SSD +  1TB HDD,3.35,1999.0,429
1.1,4,32GB SSD,1.16,299.0,430
1.6,4,16GB Flash Storage,1.15,269.0,431
2.7,8,256GB SSD,1.4,1010.0,432
2.7,4,128GB SSD,1.7,599.0,433
2.8,16,512GB SSD,2.3,2445.0,434
2.9,16,512GB SSD,2.5,2449.0,435
3.2,8,256GB SSD +  1TB HDD,3.2,1695.0,436
1.6,4,500GB HDD,2.1,347.0,437
1.3,16,512GB SSD,1.1,2199.0,438
2.7,24,512GB SSD,1.32,2382.0,439
2.5,4,256GB SSD,2.0,559.0,440
2.5,8,1TB HDD,2.8,519.0,441
1.6,4,256GB SSD,2.2,749.0,442
2.5,8,256GB SSD,1.36,1429.0,443
1.1,4,128GB SSD,2.2,349.0,444
2.8,8,128GB SSD +  1TB HDD,2.2,1099.0,445
2.8,8,256GB SSD,1.64,1179.0,446
2.5,4,500GB HDD,2.4,441.8,447
3.0,8,64GB Flash Storage +  1TB HDD,2.23,1993.0,448
2.5,8,256GB SSD,2.2,1027.74,449
2.5,16,512GB SSD,1.25,2589.0,450
2.5,8,128GB SSD,1.91,589.0,451
2.7,16,256GB SSD,2.17,1975.0,452
2.9,8,512GB SSD,2.31,1534.0,453
2.5,8,256GB SSD,1.65,1345.0,454
1.8,8,128GB SSD +  1TB HDD,2.36,979.0,455
1.6,4,500GB HDD,1.47,479.0,456
2.7,8,1TB HDD,4.42,2046.0,457
2.2,4,128GB SSD,1.252,989.0,458
2.5,8,256GB SSD,1.25,1799.0,459
2.0,8,256GB SSD,2.5,639.9,460
2.0,4,1TB HDD,2.23,544.0,461
1.6,4,128GB SSD,1.4,435.0,462
2.5,8,1TB HDD,2.37,749.0,463
2.7,8,512GB SSD,1.5,799.0,464
2.9,8,256GB SSD,2.67,2090.0,465
1.1,4,500GB HDD,2.0,304.0,466
2.0,4,500GB HDD,2.2,469.0,467
1.6,8,2TB HDD,2.02,759.0,468
2.8,12,1TB HDD,3.78,1699.0,469
2.6,12,256GB SSD,1.4,1858.0,470
1.8,8,512GB SSD,1.29,1999.0,471
2.5,8,500GB HDD,1.9,1154.0,472
1.2,8,128GB SSD,1.1,1275.0,473
1.6,8,256GB SSD,1.42,1841.85,474
2.6,12,128GB SSD +  1TB HDD,2.06,1299.0,475
2.3,8,128GB SSD,1.79,740.0,476
2.8,8,256GB SSD,1.78,2408.0,477
2.5,8,180GB SSD,1.7,1364.0,478
1.6,8,1TB HDD,2.2,675.0,479
2.5,8,256GB SSD,1.05,1672.0,480
1.8,8,512GB SSD,2.16,1262.0,481
2.4,4,1TB HDD,2.18,586.6,482
1.6,4,128GB SSD,1.49,726.0,483
1.44,4,64GB Flash Storage,1.89,248.9,484
2.0,4,128GB SSD,2.3,565.0,485
1.6,8,256GB SSD,1.75,1049.0,486
2.7,16,512GB SSD,2.17,2338.0,487
2.8,16,512GB SSD,2.06,1899.0,488
2.7,16,512GB SSD,1.36,1798.0,489
2.7,16,512GB SSD,0.91,1950.0,490
2.5,8,256GB SSD,2.3,1011.99,491
2.7,32,512GB SSD,1.05,2799.0,492
2.8,8,128GB SSD +  1TB HDD,1.99,1350.0,493
2.5,8,1TB HDD,2.2,579.0,494
2.6,24,256GB SSD +  1TB HDD,4.33,1269.0,495
2.3,8,180GB SSD,1.3,1099.0,496
1.8,8,256GB SSD,2.17,898.9,497
2.8,8,1TB SSD,1.48,1749.0,498
2.4,8,256GB SSD,1.4,949.0,499
2.5,8,256GB SSD,2.3,911.0,500
1.1,4,64GB Flash Storage,1.2,340.0,501
2.5,8,256GB SSD,1.91,618.99,502
1.6,8,256GB SSD,1.4,1599.0,503
1.1,4,500GB HDD,2.1,299.0,504
1.6,4,16GB SSD,1.25,265.0,505
2.5,8,256GB SSD,1.44,949.0,506
2.7,8,256GB SSD +  1TB HDD,2.0,1224.0,507
1.6,4,1TB HDD,2.2,613.0,508
2.7,8,512GB SSD,1.34,1323.0,509
2.8,8,256GB SSD +  1TB HDD,2.4,1149.0,510
2.5,8,128GB SSD,1.29,899.0,511
2.7,4,500GB HDD,2.2,639.0,512
2.5,8,1TB HDD,2.18,836.0,513
1.8,16,256GB SSD +  2TB HDD,2.2,1219.24,514
1.8,16,256GB SSD,1.95,1399.95,515
1.1,2,32GB Flash Storage,1.1,245.0,516
1.6,4,1TB HDD,2.04,521.47,517
2.8,24,512GB SSD,2.24,2968.0,518
2.5,8,256GB SSD,2.04,889.0,519
2.8,16,256GB SSD +  1TB HDD,3.0,1504.0,520
2.8,8,256GB SSD +  1TB HDD,3.2,1399.0,521
2.7,8,256GB SSD,1.32,1399.0,522
2.6,8,256GB SSD,1.64,1279.73,523
2.0,4,128GB SSD,1.63,689.0,524
1.6,8,128GB SSD +  1TB HDD,2.8,889.0,525
2.3,8,256GB SSD,2.02,1340.0,526
2.7,4,1TB HDD,2.2,799.0,527
2.0,8,2TB HDD,2.2,459.0,528
2.5,4,500GB HDD,2.3,585.0,529
2.8,8,256GB SSD,1.9,1377.0,530
2.8,16,128GB SSD +  1TB HDD,4.42,3012.77,531
2.5,8,500GB HDD,2.0,860.0,532
2.7,8,256GB SSD +  1TB HDD,2.0,1299.0,533
1.1,4,32GB SSD,1.2,369.0,534
2.5,8,128GB SSD +  1TB HDD,2.3,1649.0,535
2.8,8,256GB SSD,1.93,1369.0,536
1.6,8,256GB SSD,2.2,797.41,537
1.6,4,256GB SSD,1.86,398.99,538
2.8,12,1TB HDD,2.62,1799.0,539
2.7,8,256GB SSD,1.87,859.0,540
1.8,8,256GB SSD,1.2,1399.0,541
2.0,4,128GB SSD,1.6,735.87,542
2.7,8,256GB SSD,1.34,1145.0,543
2.5,8,1TB HDD,2.4,798.0,544
1.8,4,500GB HDD,2.0,349.0,545
2.4,4,128GB SSD,2.1,705.5,546
2.5,4,500GB HDD,1.87,785.0,547
2.3,4,1TB HDD,2.15,462.35,548
2.0,4,500GB HDD,1.86,397.0,549
2.7,8,512GB SSD,1.99,1729.0,550
2.0,4,128GB SSD,2.2,499.0,551
2.5,8,256GB SSD,1.9,1116.99,552
2.8,16,256GB SSD +  1TB HDD,4.42,2699.0,553
2.0,8,1TB HDD,2.65,544.15,554
2.7,8,1TB HDD,2.63,1280.0,555
1.1,4,500GB HDD,2.0,224.0,556
1.44,4,32GB Flash Storage,1.35,255.0,557
2.7,6,128GB SSD +  1TB HDD,2.8,949.0,558
2.5,6,128GB SSD,1.91,568.9,559
2.0,4,1TB HDD,2.18,617.9,560
2.0,4,32GB Flash Storage,1.25,349.0,561
2.7,4,128GB SSD,2.05,630.0,562
1.2,16,512GB SSD,1.16,1965.0,563
2.8,8,256GB SSD,3.4,2999.0,564
2.5,8,128GB SSD +  1TB HDD,2.5,839.0,565
1.6,8,128GB SSD,1.21,1599.0,566
2.6,4,500GB HDD,1.93,959.0,567
2.5,8,1TB HDD,2.2,739.0,568
1.1,4,500GB HDD,2.2,344.0,569
2.5,4,500GB HDD,2.02,990.0,570
2.8,8,500GB HDD,3.14,1860.99,571
1.6,8,2TB HDD,1.94,389.0,572
3.0,6,256GB SSD,1.95,649.0,573
2.5,8,256GB SSD,2.3,830.0,574
1.6,4,500GB HDD,2.05,685.0,575
1.44,4,32GB SSD,1.4,249.0,576
2.7,16,512GB SSD,1.24,1865.0,577
2.7,32,256GB SSD +  1TB HDD,4.6,2663.0,578
2.9,16,512GB SSD +  1TB HDD,4.14,2729.0,579
2.7,8,256GB SSD,2.2,749.01,580
1.1,4,32GB SSD,1.45,389.0,581
2.6,8,500GB HDD,1.9,1008.52,582
2.4,4,128GB SSD,1.49,719.0,583
2.8,16,256GB SSD,1.93,1537.39,584
1.6,4,16GB Flash Storage,1.26,295.0,585
2.7,16,128GB SSD +  1TB HDD,4.5,2349.0,586
2.8,16,256GB SSD +  1TB HDD,3.78,1498.0,587
2.6,12,256GB SSD,1.4,1673.0,588
1.8,12,1TB HDD,2.2,609.0,589
2.5,8,128GB SSD +  1TB HDD,2.73,1770.0,590
2.5,8,1TB HDD,2.2,739.0,591
3.6,12,512GB SSD,2.2,949.0,592
1.0,4,128GB SSD,1.39,603.0,593
2.8,16,128GB SSD +  1TB HDD,2.5,1699.0,594
2.0,4,500GB HDD,2.8,529.0,595
2.3,8,1TB HDD,2.29,459.0,596
2.7,8,512GB SSD,1.37,2025.0,597
2.5,8,256GB SSD,1.7,1474.0,598
2.5,8,256GB SSD,1.34,1670.0,599
2.8,8,256GB SSD,2.06,1763.0,600
2.7,8,256GB SSD,1.84,1219.0,601
2.4,4,500GB HDD,2.1,668.48,602
1.1,4,32GB Flash Storage,1.6,329.0,603
2.7,16,128GB SSD +  1TB HDD,4.14,2199.0,604
2.0,4,1TB HDD,2.18,465.0,605
2.8,16,256GB SSD +  2TB HDD,1.8,2299.0,606
2.5,8,256GB SSD,2.2,1399.0,607
2.5,6,1TB HDD,2.4,564.0,608
2.8,8,256GB SSD,2.0,1299.0,609
1.6,4,128GB Flash Storage,1.6,349.0,610
3.1,32,1TB SSD,2.5,4899.0,611
2.6,16,1TB HDD,2.59,879.01,612
2.0,4,1TB HDD,2.18,443.9,613
2.0,4,1TB HDD,2.25,359.0,614
2.6,4,500GB HDD,1.93,869.0,615
2.8,8,128GB SSD +  1TB HDD,3.0,1168.0,616
2.5,4,128GB SSD,2.18,569.0,617
2.7,8,512GB SSD,1.84,1389.0,618
2.8,16,256GB SSD +  1TB HDD,2.94,2267.86,619
1.6,4,32GB Flash Storage,1.25,379.0,620
2.6,8,256GB SSD,2.31,1124.0,621
2.3,8,256GB SSD,1.65,1465.0,622
1.6,4,1TB HDD,2.2,776.0,623
2.5,8,256GB SSD,2.2,799.0,624
2.3,4,500GB HDD,1.88,932.0,625
2.7,8,1TB HDD,2.2,899.0,626
1.44,2,32GB Flash Storage,1.4,239.0,627
2.5,4,128GB SSD,2.2,468.0,628
2.5,6,1TB HDD,1.5,639.01,629
2.8,8,256GB SSD,2.0,1820.0,630
2.7,16,512GB SSD,1.1,1900.0,631
2.8,16,256GB SSD +  1TB HDD,2.62,1479.0,632
1.6,4,256GB SSD,1.8,829.0,633
2.0,4,1TB HDD,2.2,579.0,634
1.1,8,1TB HDD,2.0,399.0,635
2.5,8,1TB HDD,1.99,906.62,636
1.6,8,256GB SSD,1.23,1869.0,637
1.6,2,32GB Flash Storage,1.42,249.0,638
2.7,8,256GB SSD,1.37,1757.42,639
2.8,16,1TB SSD,2.06,2399.0,640
2.8,8,128GB SSD +  1TB HDD,2.5,1109.0,641
3.0,8,1TB HDD,2.6,520.9,642
2.7,16,512GB SSD,1.14,2450.0,643
2.8,8,1TB HDD,2.5,1169.0,644
2.0,4,500GB HDD,2.4,450.0,645
1.6,4,32GB Flash Storage,1.43,274.0,646
2.5,8,256GB SSD,1.8,919.0,647
2.8,16,256GB SSD,1.95,2599.0,648
2.3,8,256GB SSD,1.2,1213.0,649
2.7,8,256GB SSD,1.36,1584.0,650
2.7,32,512GB SSD,3.8,2799.0,651
2.5,8,1TB HDD,2.4,709.0,652
1.6,8,256GB SSD,1.2,1449.9,653
2.8,8,128GB SSD +  1TB HDD,2.2,1191.8,654
2.0,4,500GB HDD,1.86,364.9,655
2.5,8,500GB HDD,2.0,1064.0,656
1.8,8,256GB SSD,2.2,919.0,657
1.8,16,256GB SSD +  2TB HDD,2.2,1135.0,658
2.6,8,128GB SSD +  1TB HDD,3.31,1196.0,659
2.8,32,512GB SSD +  1TB HDD,4.42,3147.37,660
2.4,8,256GB SSD,1.56,1229.0,661
1.1,4,500GB HDD,2.2,419.0,662
2.3,4,500GB HDD,2.2,535.0,663
2.0,6,1TB HDD,2.04,539.0,664
2.8,8,128GB SSD +  1TB HDD,2.7,1486.77,665
2.1,4,128GB SSD,2.1,498.0,666
2.5,8,1TB HDD,2.06,955.0,667
2.7,8,1TB HDD,2.1,745.0,668
2.5,8,256GB SSD,2.0,1258.0,669
2.0,4,128GB SSD,2.1,412.0,670
2.8,8,256GB SSD,1.252,1867.85,671
2.5,8,128GB SSD +  1TB HDD,1.9,817.95,672
2.5,8,256GB SSD,1.3,1034.0,673
2.2,4,128GB SSD,2.2,349.0,674
2.4,4,128GB SSD,1.63,699.0,675
2.8,16,256GB SSD +  1TB HDD,2.4,1294.0,676
2.5,8,256GB SSD,1.1,1135.0,677
1.1,8,64GB Flash Storage,1.4,495.0,678
1.8,8,512GB SSD,1.09,2299.0,679
2.5,16,256GB SSD,2.5,1299.0,680
2.5,8,256GB SSD,2.2,997.9,681
1.1,4,128GB SSD,1.86,419.0,682
2.5,16,128GB SSD +  1TB HDD,3.21,2051.0,683
2.0,4,256GB SSD,2.5,699.0,684
1.8,8,512GB SSD,1.19,1499.0,685
2.9,16,256GB SSD +  1TB HDD,3.49,2813.75,686
2.5,4,500GB HDD,1.86,612.61,687
2.0,4,1TB HDD,2.2,545.67,688
2.4,6,2TB HDD,2.65,569.0,689
1.6,4,500GB HDD,2.1,318.0,690
1.6,4,32GB Flash Storage,1.45,375.0,691
2.5,4,256GB SSD,1.7,699.0,692
2.8,8,500GB HDD,3.14,1907.99,693
2.7,8,256GB SSD,1.42,2590.0,694
2.5,8,256GB SSD,1.5,973.0,695
1.6,4,32GB Flash Storage,1.4,269.0,696
2.7,16,512GB SSD,1.38,1749.0,697
0.9,4,64GB Flash Storage,1.2,669.0,698
2.5,16,512GB SSD,1.36,1877.0,699
2.7,4,500GB HDD,2.1,689.0,700
2.5,8,1TB HDD,2.56,819.0,701
2.9,4,256GB SSD,2.2,399.0,702
3.6,8,1TB HDD,2.2,429.0,703
2.5,4,1TB HDD +  1TB HDD,2.1,621.45,704
2.0,4,500GB HDD,1.9,450.0,705
2.5,8,256GB SSD,2.18,795.0,706
1.6,8,256GB SSD,1.6,999.0,707
2.5,16,512GB SSD,2.18,1855.0,708
2.3,8,256GB SSD,1.8,1191.0,709
2.5,6,2TB HDD,2.71,655.01,710
2.8,8,128GB SSD +  1TB HDD,2.5,1249.0,711
2.8,8,256GB SSD,1.64,1089.0,712
2.5,8,1TB HDD,1.98,726.0,713
1.1,4,32GB Flash Storage,1.5,298.0,714
2.6,16,512GB SSD,1.93,1426.66,715
2.5,8,256GB SSD,1.87,857.07,716
2.6,8,256GB SSD,1.9,1179.0,717
2.0,4,500GB HDD,2.19,298.0,718
1.92,4,32GB HDD,1.4,265.0,719
2.7,8,256GB SSD,2.63,1200.0,720
2.5,8,512GB SSD,1.17,1686.64,721
2.5,8,256GB SSD,1.58,836.6,722
2.5,8,256GB SSD,1.32,1499.0,723
2.8,32,1TB SSD +  1TB HDD,4.36,3659.4,724
2.8,8,128GB SSD +  1TB HDD,2.7,1348.48,725
2.5,4,1TB HDD,1.9,489.9,726
1.6,8,128GB SSD +  1TB HDD,2.2,719.0,727
2.4,4,1TB HDD,1.71,649.0,728
2.5,8,1TB HDD,2.32,589.52,729
3.0,4,1TB HDD,2.1,489.0,730
2.6,16,128GB SSD +  1TB HDD,4.2,1935.0,731
2.5,12,1TB HDD,2.25,649.0,732
3.0,6,128GB SSD +  1TB HDD,2.1,650.0,733
2.5,4,500GB HDD,2.4,559.0,734
2.5,8,256GB SSD,1.44,960.0,735
2.7,4,1TB HDD,1.85,779.0,736
2.8,16,256GB SSD,2.6,2419.0,737
1.6,8,1TB HDD,1.55,659.0,738
2.8,16,256GB SSD +  1TB HDD,1.8,2094.48,739
2.0,4,500GB HDD,2.4,410.8,740
2.7,8,128GB SSD +  1TB HDD,2.0,1207.0,741
2.0,8,256GB SSD,2.0,665.0,742
2.5,8,256GB SSD,1.25,1535.0,743
2.5,8,256GB SSD,1.7,999.0,744
2.8,16,1TB SSD,2.5,3299.0,745
1.6,2,32GB Flash Storage,1.68,330.0,746
2.7,16,256GB SSD,0.81,1649.0,747
2.0,8,256GB SSD,1.86,539.0,748
2.5,8,256GB SSD,1.6,1126.71,749
2.9,16,256GB SSD,3.0,4389.0,750
1.6,4,128GB SSD,1.4,475.0,751
2.4,8,256GB SSD,1.84,1900.0,752
2.3,4,1TB HDD,2.45,579.0,753
2.3,4,180GB SSD,1.7,1096.0,754
2.7,4,256GB SSD,2.37,849.9,755
1.8,8,256GB SSD,1.3,1199.0,756
2.5,8,128GB SSD +  1TB HDD,2.2,1099.0,757
2.6,8,256GB SSD,2.59,1561.0,758
2.8,16,256GB SSD +  1TB HDD,4.42,2868.99,759
2.5,4,256GB SSD,2.1,599.0,760
2.8,8,128GB SSD +  1TB HDD,2.5,1048.0,761
2.8,16,256GB SSD,1.18,1859.0,762
1.2,8,256GB SSD,1.1,1559.0,763
2.5,8,256GB SSD,1.2,1129.0,764
2.0,4,500GB HDD,1.65,849.0,765
2.3,4,128GB SSD,1.6,655.0,766
1.1,4,1TB HDD,2.8,470.34,767
2.6,16,128GB SSD +  1TB HDD,2.72,1099.0,768
2.7,8,256GB SSD,1.31,1599.0,769
1.1,4,1TB HDD,2.1,298.0,770
2.7,16,256GB SSD,2.3,1181.27,771
2.7,16,256GB SSD,1.71,1799.0,772
2.3,4,128GB SSD,1.75,1020.0,773
2.8,8,1TB HDD,2.62,1099.0,774
2.3,4,256GB SSD,1.26,1244.0,775
2.7,12,2TB HDD,2.3,839.0,776
2.7,16,512GB SSD,2.5,2370.0,777
2.4,4,128GB SSD,1.8,636.0,778
2.8,16,512GB SSD,1.95,2899.0,779
1.1,8,128GB SSD,2.0,581.9,780
2.8,32,1TB SSD +  1TB HDD,4.42,3588.8,781
2.6,16,256GB SSD +  1TB HDD,4.3,2350.0,782
2.6,16,512GB SSD,1.47,1764.0,783
1.6,8,1TB HDD,2.2,329.0,784
2.7,16,512GB SSD,1.7,2299.0,785
2.8,16,256GB SSD +  1TB HDD,1.6,1891.0,786
2.5,8,128GB SSD +  1TB HDD,2.2,1089.0,787
2.8,4,1TB HDD,2.4,999.0,788
2.8,16,256GB SSD +  1TB HDD,4.2,2299.0,789
2.5,8,256GB SSD,2.62,985.0,790
2.8,8,128GB SSD +  1TB HDD,2.24,1339.0,791
1.1,4,32GB Flash Storage,1.22,202.9,792
2.7,8,512GB SSD,1.37,1970.0,793
2.5,8,256GB SSD,2.08,959.0,794
1.2,8,512GB Flash Storage,0.92,1165.0,795
2.5,8,256GB SSD,1.42,2330.0,796
1.1,4,32GB Flash Storage,1.63,299.0,797
2.5,8,128GB SSD,1.95,810.0,798
2.7,8,256GB SSD,1.38,1349.0,799
2.0,8,256GB SSD,2.0,739.0,800
2.8,8,256GB SSD,3.14,2064.9,801
2.5,8,256GB SSD,2.37,1099.0,802
2.5,8,256GB SSD,1.29,1499.0,803
2.5,8,256GB SSD,2.06,1749.0,804
1.1,4,128GB SSD,1.63,744.0,805
2.6,8,256GB SSD,1.26,1389.0,806
2.3,4,500GB HDD,2.1,780.0,807
2.5,8,2TB HDD,2.04,629.0,808
2.8,16,512GB SSD,2.62,1679.0,809
2.5,4,1TB HDD,2.4,609.0,810
2.8,12,1TB HDD,3.74,1749.0,811
2.8,16,512GB SSD +  1TB HDD,2.9,2415.0,812
2.5,8,256GB SSD,0.81,1499.0,813
2.7,8,1TB HDD,1.98,961.0,814
2.5,8,256GB SSD,2.18,789.81,815
2.7,8,256GB SSD,1.32,1859.0,816
2.5,16,512GB SSD,1.29,1799.0,817
1.6,4,16GB Flash Storage,1.23,385.0,818
2.8,16,128GB SSD +  1TB HDD,4.36,2505.02,819
2.3,4,500GB HDD,1.76,755.0,820
2.0,4,500GB HDD,2.1,489.9,821
2.5,4,128GB SSD,1.25,1090.0,822
2.7,8,512GB SSD,1.13,2499.0,823
2.5,8,256GB SSD,2.4,1199.0,824
2.5,8,256GB Flash Storage,1.13,1875.0,825
2.1,4,128GB SSD,1.75,499.0,826
2.5,8,256GB SSD,1.1,1358.0,827
2.0,4,500GB HDD,1.76,585.0,828
1.6,4,32GB Flash Storage,1.35,355.0,829
2.4,8,128GB SSD,1.5,619.0,830
2.9,32,512GB SSD,3.49,5499.0,831
2.6,16,512GB SSD,1.1,2099.0,832
2.5,4,1TB HDD,2.1,519.0,833
2.3,8,256GB SSD,1.7,1186.0,834
2.6,8,256GB SSD,1.32,1650.0,835
2.8,16,256GB SSD +  1TB HDD,3.21,2774.63,836
2.8,16,256GB SSD +  1TB HDD,2.9,2419.0,837
2.4,4,500GB HDD,2.0,669.0,838
1.6,4,16GB Flash Storage,1.5,325.0,839
2.5,8,128GB HDD,2.3,590.0,840
2.6,16,512GB SSD +  1TB HDD,2.73,1799.0,841
2.8,32,512GB SSD +  1TB HDD,4.42,3072.89,842
2.5,8,1TB HDD,2.63,910.0,843
2.5,8,128GB SSD,2.18,713.99,844
2.5,8,512GB SSD,1.54,1870.0,845
2.7,4,256GB SSD,2.18,739.0,846
1.1,4,32GB Flash Storage,1.4,615.0,847
2.3,8,512GB SSD,1.45,1026.0,848
2.5,8,256GB SSD,1.28,2277.0,849
2.5,8,512GB SSD,1.54,1468.0,850
1.6,4,128GB SSD,1.86,299.0,851
2.8,16,128GB SSD +  1TB HDD,2.1,1899.0,852
2.7,8,1TB HDD,2.83,865.0,853
2.8,8,256GB SSD,1.96,1903.0,854
2.7,8,256GB SSD,2.3,787.0,855
2.5,8,128GB SSD,1.9,945.0,856
1.1,4,1TB HDD,2.0,449.0,857
2.8,8,256GB SSD,1.28,2559.0,858
2.3,8,1TB HDD,1.62,649.0,859
2.0,4,1TB HDD,2.2,469.0,860
2.5,8,1TB HDD,2.3,850.66,861
2.6,8,256GB SSD,1.84,1349.0,862
2.5,4,128GB SSD,1.05,1285.0,863
2.5,8,1TB HDD,2.5,1017.0,864
2.5,16,512GB SSD,1.29,2240.0,865
2.3,4,500GB HDD,2.07,910.0,866
2.3,8,256GB SSD,1.2,1095.0,867
2.7,8,256GB SSD,1.37,1950.0,868
2.5,8,256GB SSD,1.56,902.0,869
2.8,8,1TB HDD,2.23,1778.0,870
2.5,4,500GB HDD,2.38,1055.0,871
2.0,4,1TB HDD,2.2,479.0,872
2.7,8,256GB SSD,2.0,1388.0,873
2.4,4,180GB SSD,1.44,735.0,874
2.7,16,256GB SSD,1.23,1849.0,875
2.8,8,256GB SSD,1.6,1690.0,876
1.1,4,1TB HDD,2.0,398.99,877
2.3,8,256GB SSD,1.28,935.0,878
2.5,4,128GB SSD +  1TB HDD,2.18,912.5,879
2.5,4,256GB SSD,2.04,839.0,880
2.5,4,256GB SSD,1.28,1700.0,881
2.5,4,500GB HDD,2.3,684.8,882
1.1,4,32GB Flash Storage,1.65,348.0,883
2.5,8,1TB HDD,2.2,669.0,884
1.6,4,500GB HDD,2.2,369.0,885
2.5,4,256GB SSD,1.28,1799.0,886
2.0,4,1TB HDD,2.18,455.7,887
2.5,12,128GB SSD +  1TB HDD,2.2,1369.9,888
1.6,4,32GB Flash Storage,1.25,297.0,889
2.2,4,500GB HDD,2.8,379.0,890
2.5,4,128GB SSD,1.95,1265.0,891
2.7,16,256GB SSD,1.42,1399.0,892
2.7,8,256GB SSD,1.17,1699.0,893
2.5,8,256GB SSD,1.32,1799.0,894
2.6,16,512GB SSD +  2TB HDD,2.43,2649.0,895
2.5,8,256GB SSD,1.05,1475.0,896
2.8,8,1TB HDD,2.62,929.0,897
2.7,8,1TB HDD,2.04,900.0,898
2.0,4,1TB HDD,2.18,614.0,899
2.6,8,500GB HDD,1.9,935.0,900
1.3,8,512GB SSD,1.24,2013.1,901
2.7,32,256GB SSD +  256GB SSD,3.58,1279.0,902
1.3,16,256GB SSD,1.22,1649.0,903
2.7,8,256GB Flash Storage,1.13,2049.0,904
2.5,8,512GB SSD,1.95,1962.99,905
2.7,16,512GB SSD,1.08,2099.0,906
2.7,8,512GB SSD,1.26,1483.0,907
1.5,4,16GB Flash Storage,2.2,359.0,908
2.3,8,128GB SSD +  1TB HDD,2.6,789.0,909
2.7,8,512GB SSD,0.98,1899.0,910
2.8,8,256GB SSD,1.6,1205.0,911
1.2,8,240GB SSD,1.09,3100.0,912
2.7,6,256GB SSD,2.2,789.0,913
2.7,8,256GB SSD,2.04,1018.99,914
2.4,4,1TB HDD,2.4,499.0,915
2.5,4,128GB SSD,1.44,881.0,916
2.5,8,256GB SSD,1.49,960.0,917
2.8,16,256GB SSD +  1TB HDD,2.7,1599.0,918
2.8,16,128GB SSD +  1TB HDD,2.6,1349.0,919
2.5,8,128GB SSD +  1TB HDD,2.2,1119.91,920
2.5,4,1TB HDD,2.18,684.99,921
2.5,8,256GB SSD,1.84,1296.99,922
2.7,8,256GB SSD,1.39,1149.0,923
2.6,16,256GB SSD,2.4,1975.0,924
2.5,8,512GB SSD,1.37,1825.0,925
2.3,4,500GB HDD,1.95,729.9,926
2.7,8,256GB SSD,1.36,1650.0,927
2.3,8,256GB SSD,2.31,1165.0,928
2.5,4,1TB HDD,2.18,708.06,929
2.3,4,500GB HDD,1.95,1149.0,930
1.1,4,1TB HDD,2.2,309.0,931
2.3,4,500GB HDD,1.26,1579.0,932
1.6,4,1TB HDD,1.86,288.9,933
2.2,16,1TB SSD,1.3,1799.0,934
2.3,4,128GB SSD,1.47,1105.0,935
2.3,8,256GB SSD,1.26,1669.0,936
2.0,4,1TB HDD,2.18,558.6,937
2.8,8,128GB SSD +  1TB HDD,2.2,1199.0,938
2.5,8,256GB SSD,1.36,1639.0,939
2.7,16,512GB SSD +  1TB HDD,4.36,2758.0,940
2.3,8,128GB SSD +  1TB HDD,2.75,1399.0,941
1.6,4,1TB HDD,2.8,530.0,942
2.5,4,500GB HDD,2.23,619.0,943
2.3,8,256GB SSD,2.2,1119.0,944
1.2,8,256GB SSD,1.1,1299.0,945
2.1,16,512GB SSD +  1TB HDD,2.5,999.0,946
2.5,8,256GB SSD,1.36,1472.2,947
2.7,8,1TB HDD,2.2,685.0,948
2.0,4,1TB HDD,2.36,659.0,949
1.6,4,32GB Flash Storage,1.68,349.0,950
2.7,8,8GB SSD,2.0,2249.0,951
2.8,8,256GB SSD,1.36,1775.0,952
2.3,8,256GB SSD,1.2,1460.0,953
1.2,8,64GB Flash Storage,1.2,1159.0,954
2.6,8,256GB SSD,1.7,1488.99,955
2.8,16,512GB SSD +  1TB HDD,4.36,3154.0,956
1.2,8,256GB SSD,1.24,1899.0,957
1.1,4,256GB SSD,1.45,775.0,958
2.5,8,256GB SSD,1.3,1268.0,959
1.6,4,32GB Flash Storage,1.25,389.0,960
2.4,8,256GB SSD,1.2,1535.0,961
2.6,8,256GB SSD,1.36,1760.0,962
2.5,12,128GB SSD +  1TB HDD,2.4,1009.0,963
2.7,8,512GB SSD,1.1,1790.0,964
2.5,8,1TB HDD,2.04,846.5,965
2.0,4,1TB HDD,2.25,465.62,966
2.5,4,500GB HDD,1.9,825.0,967
2.4,4,500GB HDD,2.04,685.0,968
2.8,32,256GB SSD +  1TB HDD,4.42,3149.0,969
2.5,6,256GB SSD,2.4,695.0,970
1.3,16,512GB SSD,1.22,1899.0,971
2.6,8,256GB SSD,1.5,1962.98,972
2.6,32,256GB SSD +  1TB HDD,4.42,2800.0,973
2.3,8,256GB SSD,1.95,1180.0,974
2.8,16,256GB SSD +  1TB HDD,2.73,2049.9,975
2.7,8,128GB SSD +  1TB HDD,2.04,979.0,976
2.3,4,508GB Hybrid,1.7,1002.0,977
2.7,16,512GB SSD +  2TB HDD,2.3,1799.0,978
2.7,6,1TB HDD,2.04,579.0,979
2.8,16,256GB SSD +  1TB HDD,2.99,1749.0,980
2.7,12,512GB SSD,2.19,1299.0,981
2.3,4,128GB SSD,1.2,1195.0,982
3.6,6,256GB SSD,2.2,549.0,983
2.3,4,256GB SSD,2.3,649.0,984
2.3,4,500GB HDD,1.75,915.0,985
2.5,4,500GB HDD,2.25,599.0,986
2.5,8,1TB HDD,2.04,806.0,987
2.8,8,128GB SSD +  1TB HDD,2.5,1189.0,988
2.7,8,1TB HDD,2.36,749.0,989
2.5,8,128GB SSD,1.6,1119.0,990
1.2,8,512GB SSD,0.97,1908.0,991
2.0,4,128GB SSD +  1TB HDD,2.1,499.0,992
1.1,4,128GB SSD,1.9,270.62,993
2.3,8,256GB SSD,2.3,1349.0,994
2.5,8,256GB SSD,1.68,889.0,995
2.5,8,256GB SSD,1.4,1150.0,996
2.7,8,256GB SSD,1.11,1349.0,997
1.1,4,500GB HDD,2.4,380.0,998
2.8,16,256GB SSD +  1TB HDD,2.5,1799.0,999
2.7,8,512GB SSD,1.48,2089.0,1000
2.8,8,128GB SSD +  1TB HDD,2.7,1260.0,1001
2.5,8,256GB SSD,1.34,1189.0,1002
2.4,4,128GB SSD,2.18,547.0,1003
2.5,4,500GB HDD,1.64,779.0,1004
2.3,4,128GB SSD,1.2,1195.0,1005
2.4,4,256GB SSD,1.48,1099.99,1006
2.5,4,256GB SSD,1.95,1205.0,1007
2.6,8,256GB SSD,1.43,1449.0,1008
2.5,8,256GB SSD,1.64,1049.26,1009
2.4,4,500GB HDD,1.64,684.0,1010
2.5,8,1.0TB Hybrid,2.65,949.0,1011
2.5,4,500GB HDD,1.26,1539.0,1012
2.5,4,256GB SSD,1.48,1590.0,1013
2.5,8,256GB SSD,1.54,1887.21,1014
2.4,4,500GB HDD,1.49,800.0,1015
2.3,8,256GB SSD,1.5,1210.0,1016
2.4,4,256GB SSD,2.04,769.99,1017
2.7,16,512GB SSD,2.4,2968.0,1018
2.3,8,256GB SSD,1.47,1490.0,1019
2.5,8,256GB SSD,1.43,2229.0,1020
2.3,4,1TB HDD,2.08,795.99,1021
2.3,8,256GB SSD,1.2,1590.0,1022
2.5,8,256GB SSD,1.11,1149.0,1023
2.7,8,256GB SSD,1.64,1185.43,1024
2.4,8,500GB HDD,2.09,1046.44,1025
2.5,4,256GB SSD,1.26,1559.0,1026
2.5,4,500GB HDD,2.31,1189.0,1027
2.5,4,500GB HDD,1.95,1060.0,1028
2.5,8,256GB SSD,1.29,1624.0,1029
2.5,8,256GB SSD,2.63,1080.0,1030
2.5,4,256GB SSD,1.64,973.0,1031
3.0,6,1TB HDD,2.1,409.0,1032
2.8,8,128GB SSD +  1TB HDD,2.7,1191.8,1033
2.3,8,256GB SSD,1.95,1195.0,1034
2.5,8,256GB SSD,1.84,1228.99,1035
2.5,8,256GB SSD,1.26,1349.0,1036
2.5,4,500GB HDD,2.04,742.0,1037
2.6,8,256GB SSD,1.47,1725.0,1038
2.4,8,256GB SSD,2.09,1062.95,1039
2.5,8,256GB SSD,1.64,1010.51,1040
2.5,4,256GB SSD,1.8,847.0,1041
1.44,2,32GB Flash Storage,1.45,210.8,1042
2.5,16,256GB SSD,2.4,1425.0,1043
2.3,8,256GB SSD,2.3,1049.6,1044
2.3,4,500GB HDD,1.54,1000.0,1045
2.4,8,256GB SSD +  500GB HDD,1.84,2103.34,1046
2.3,8,256GB SSD,1.43,1469.0,1047
2.7,16,256GB SSD +  1TB HDD,3.78,1545.64,1048
2.6,16,128GB SSD +  1TB HDD,4.6,2289.99,1049
1.6,4,16GB Flash Storage,1.2,287.9,1050
2.6,16,256GB SSD,1.1,2620.0,1051
2.7,8,1TB HDD,1.91,979.0,1052
2.7,8,256GB SSD,2.3,1094.0,1053
2.5,4,256GB SSD,2.04,979.0,1054
2.7,16,1TB SSD,1.2,2254.0,1055
2.3,4,500GB HDD,2.31,705.15,1056
2.5,4,500GB HDD,1.96,499.0,1057
2.2,8,1TB HDD,2.4,449.0,1058
2.7,12,256GB SSD,1.6,1299.0,1059
2.6,16,256GB SSD +  1TB HDD,2.94,1819.0,1060
2.7,8,256GB SSD,2.04,1070.0,1061
2.6,16,1TB HDD,4.0,998.0,1062
2.5,4,1TB HDD,2.25,559.0,1063
2.7,16,2TB HDD,2.32,989.99,1064
2.6,16,256GB SSD +  1TB HDD,1.8,1929.0,1065
2.7,8,256GB SSD,1.29,1458.0,1066
2.7,64,1TB SSD,3.58,3975.0,1067
2.5,8,256GB SSD,1.62,798.01,1068
2.6,16,256GB SSD +  1TB HDD,3.21,1329.0,1069
1.1,8,256GB Flash Storage,0.92,1300.0,1070
2.3,4,500GB HDD,2.06,481.98,1071
2.3,4,500GB HDD,2.31,1199.0,1072
2.3,8,256GB SSD,1.26,1199.0,1073
2.7,8,256GB SSD,1.49,1090.0,1074
2.5,8,256GB SSD,1.3,1713.49,1075
2.3,8,1.0TB HDD,3.0,659.0,1076
2.3,4,1TB HDD,2.3,977.0,1077
2.8,16,256GB SSD +  1TB HDD,3.78,2499.0,1078
2.3,4,500GB HDD,2.1,540.0,1079
2.3,4,500GB HDD,2.31,940.0,1080
1.2,8,512GB SSD,0.99,1399.0,1081
2.7,32,512GB SSD +  1.0TB Hybrid,4.6,3240.0,1082
1.44,4,64GB Flash Storage,0.69,646.27,1083
2.7,16,512GB SSD,1.3,2049.0,1084
2.5,8,256GB SSD,2.18,750.0,1085
2.3,4,500GB HDD,1.54,1030.99,1086
2.5,8,256GB SSD,1.9,1495.0,1087
2.3,8,180GB SSD,1.7,1199.0,1088
1.5,4,32GB Flash Storage,1.29,615.0,1089
2.2,4,500GB HDD,2.4,387.0,1090
1.6,4,500GB HDD,2.2,393.49,1091
2.0,4,1TB HDD,1.86,345.99,1092
2.8,8,256GB SSD +  1TB HDD,2.7,1599.0,1093
1.6,4,256GB SSD,1.4,818.35,1094
2.3,4,128GB SSD,2.4,1599.0,1095
2.5,8,256GB SSD +  1TB HDD,2.4,799.0,1096
2.5,8,1TB HDD,2.36,638.8,1097
2.6,8,256GB SSD,2.6,1599.0,1098
1.6,4,1TB HDD,1.96,500.0,1099
2.6,16,128GB SSD +  1TB HDD,4.3,2299.0,1100
2.3,4,500GB HDD,1.5,1135.15,1101
2.3,4,128GB SSD,1.5,1166.97,1102
1.5,4,16GB SSD,2.2,209.0,1103
2.6,8,1TB HDD,3.0,2899.0,1104
2.8,16,512GB SSD,2.4,1199.0,1105
2.3,8,256GB SSD,1.5,1413.1,1106
2.6,8,128GB SSD +  1TB HDD,2.9,1511.19,1107
2.3,4,256GB SSD,2.1,867.0,1108
2.5,4,1TB HDD,2.1,398.0,1109
2.6,16,128GB SSD +  1TB HDD,2.59,1339.0,1110
1.1,8,256GB SSD,1.16,1699.0,1111
2.3,4,500GB HDD,2.24,769.15,1112
2.0,4,128GB SSD,2.1,429.0,1113
2.5,8,512GB SSD,1.16,1969.0,1114
1.44,4,64GB Flash Storage,0.69,549.0,1115
2.4,8,256GB SSD,1.23,1379.0,1116
2.7,16,256GB SSD +  1.0TB Hybrid,4.6,2749.99,1117
2.5,8,256GB SSD,1.25,1029.0,1118
2.7,16,512GB SSD,1.05,2226.0,1119
2.6,8,128GB SSD +  1TB HDD,3.52,1312.49,1120
1.44,4,32GB Flash Storage,1.35,196.0,1121
2.3,8,256GB SSD,1.16,1690.0,1122
2.3,8,256GB SSD,1.43,1513.0,1123
2.3,4,500GB HDD,2.09,523.63,1124
2.4,4,1TB HDD,2.0,435.0,1125
2.5,8,256GB SSD,1.8,1669.0,1126
1.44,4,64GB Flash Storage,0.69,479.0,1127
2.4,8,256GB SSD,1.26,1895.0,1128
2.5,8,128GB SSD +  1TB HDD,2.4,989.0,1129
2.3,8,128GB SSD +  1TB HDD,3.35,1129.0,1130
2.7,8,2TB HDD,2.04,629.0,1131
2.6,8,512GB SSD,1.8,2050.38,1132
1.1,4,32GB Flash Storage,1.5,278.0,1133
2.7,8,256GB SSD,1.84,752.0,1134
2.5,4,1TB HDD,2.23,616.0,1135
2.5,16,1.0TB Hybrid,2.5,1099.0,1136
2.6,8,256GB SSD,3.0,3949.4,1137
2.5,8,1TB HDD,2.5,784.0,1138
2.7,16,256GB SSD +  1TB HDD,3.78,2399.0,1139
2.5,8,256GB SSD,1.88,2171.72,1140
2.6,16,512GB SSD,2.8,2440.0,1141
2.8,8,128GB SSD +  1TB HDD,2.4,1142.8,1142
2.4,8,256GB SSD,1.48,1629.0,1143
2.6,8,256GB SSD,2.59,2229.0,1144
2.6,8,256GB SSD,1.48,1799.0,1145
2.6,8,256GB SSD,2.0,1899.0,1146
2.5,8,256GB SSD,1.26,2296.95,1147
2.7,8,256GB SSD,2.18,1009.9,1148
2.3,8,256GB SSD,1.88,1579.0,1149
2.5,8,256GB SSD,1.27,2339.0,1150
2.0,4,1TB HDD,1.9,339.0,1151
1.8,4,500GB HDD,1.86,297.0,1152
2.3,8,1TB HDD,2.32,599.0,1153
2.8,8,1TB HDD,2.62,1199.0,1154
2.3,8,256GB SSD,2.04,2250.68,1155
2.5,4,256GB SSD,1.91,478.89,1156
2.8,16,256GB SSD +  1TB HDD,2.7,1492.8,1157
2.6,12,512GB SSD,1.4,2299.0,1158
2.3,8,1.0TB Hybrid,2.5,788.49,1159
2.6,8,512GB SSD,1.48,2041.0,1160
2.6,8,256GB SSD,1.7,1499.0,1161
2.6,16,256GB SSD +  1TB HDD,1.7,1769.0,1162
2.8,8,1TB HDD,2.62,899.0,1163
2.0,8,1TB HDD,2.2,459.0,1164
2.3,4,500GB HDD,2.1,476.99,1165
2.8,8,128GB SSD +  1TB HDD,2.62,1498.0,1166
2.5,8,256GB SSD,1.95,1390.0,1167
2.0,4,1TB HDD,2.2,468.0,1168
1.6,2,32GB Flash Storage,1.44,249.0,1169
2.7,8,1TB HDD,2.2,839.0,1170
2.5,8,256GB SSD,1.96,679.0,1171
1.8,16,512GB SSD,2.1,1159.0,1172
1.6,4,500GB HDD,2.2,369.0,1173
2.3,4,500GB HDD,2.1,398.0,1174
2.7,8,1TB HDD,2.2,709.0,1175
2.4,4,256GB SSD,2.0,769.0,1176
2.5,4,1.0TB Hybrid,2.32,825.0,1177
2.6,16,512GB SSD,3.31,1305.0,1178
2.6,16,128GB SSD +  1TB HDD,1.91,2153.37,1179
2.3,4,500GB HDD,2.07,650.0,1180
2.3,8,256GB SSD,1.36,1637.0,1181
2.7,6,256GB SSD,1.54,831.0,1182
2.7,8,256GB SSD,1.98,895.01,1183
2.0,4,500GB HDD,2.1,333.0,1184
2.6,6,1TB HDD,2.18,799.0,1185
2.6,8,256GB SSD +  1TB HDD,2.591,909.0,1186
2.7,16,512GB SSD,2.09,1179.0,1187
2.5,4,256GB SSD,2.23,691.0,1188
2.4,8,256GB SSD,1.23,1099.0,1189
2.8,16,256GB SSD +  1TB HDD,4.2,2599.0,1190
2.5,8,1TB HDD,2.4,819.0,1191
2.0,4,32GB Flash Storage,1.15,659.0,1192
2.5,4,500GB HDD,1.86,485.0,1193
1.1,8,256GB Flash Storage,0.92,1163.0,1194
2.5,8,256GB SSD,1.6,1199.0,1195
2.8,12,128GB SSD +  1TB HDD,2.21,1327.0,1196
2.0,4,1TB HDD,1.9,368.0,1197
2.6,16,512GB SSD +  1TB HDD,4.3,2150.0,1198
2.0,4,1TB HDD,2.1,272.0,1199
2.8,16,256GB SSD +  1TB HDD,2.43,2048.9,1200
2.0,4,128GB SSD,2.3,499.0,1201
2.5,8,500GB HDD,2.2,629.0,1202
1.8,16,512GB SSD,2.0,1285.0,1203
2.7,16,512GB SSD,1.2,2680.0,1204
2.6,8,1TB HDD,2.2,1169.0,1205
2.5,8,256GB SSD,2.36,889.0,1206
2.5,8,256GB SSD,1.91,579.0,1207
2.2,4,500GB HDD,2.2,299.0,1208
2.0,8,1TB HDD,3.3,629.0,1209
2.8,16,256GB SSD +  1TB HDD,2.2,2449.0,1210
1.2,8,512GB Flash Storage,0.92,1279.0,1211
2.8,16,128GB SSD +  1TB HDD,2.2,1749.0,1212
2.6,16,256GB SSD +  1TB HDD,2.43,1948.99,1213
2.5,8,256GB SSD,2.191,999.0,1214
2.8,16,256GB SSD +  1TB HDD,2.9,1949.0,1215
1.5,2,32GB SSD,1.3,174.0,1216
2.0,4,1TB HDD,3.3,598.0,1217
2.5,8,1TB HDD,2.8,539.0,1218
2.6,8,128GB SSD +  1TB HDD,2.6,1272.0,1219
1.3,8,256GB SSD,1.2,1149.0,1220
2.6,8,256GB SSD,2.3,1529.0,1221
2.6,8,128GB SSD +  1TB HDD,2.2,1476.11,1222
2.7,6,1TB HDD,2.1,529.0,1223
2.4,8,256GB SSD,1.26,1713.37,1224
2.4,4,500GB HDD,2.08,509.0,1225
1.6,4,1TB HDD,2.65,309.0,1226
2.7,8,256GB SSD,1.29,1477.0,1227
2.5,4,1TB HDD,2.18,521.86,1228
2.6,16,128GB SSD +  1TB HDD,2.6,1029.0,1229
2.8,8,128GB SSD +  1TB HDD,2.2,1149.0,1230
2.5,16,512GB SSD,1.3,1650.0,1231
2.8,16,1TB SSD,1.95,3499.0,1232
2.4,8,1TB HDD,2.3,469.01,1233
2.8,16,256GB SSD +  1TB HDD,2.7,1598.0,1234
1.6,4,256GB Flash Storage,1.08,959.0,1235
2.0,4,1TB HDD,2.1,478.0,1236
2.5,8,256GB SSD,1.54,2198.19,1237
2.3,4,500GB HDD,2.24,737.0,1238
2.6,8,128GB SSD +  1TB HDD,2.3,1169.0,1239
2.7,16,512GB SSD,1.4,1499.0,1240
3.6,6,256GB SSD,2.2,597.57,1241
2.5,8,256GB SSD,1.45,1280.0,1242
2.0,4,500GB HDD,2.4,361.8,1243
2.7,16,512GB SSD,2.77,1799.0,1244
2.3,4,256GB SSD,1.54,1099.99,1245
2.8,16,256GB SSD +  1TB HDD,2.5,1600.0,1246
2.5,4,500GB HDD,1.6,875.0,1247
2.6,16,256GB SSD +  1TB HDD,2.34,2325.0,1248
2.5,8,256GB SSD,2.3,573.0,1249
1.2,8,256GB SSD,1.24,1813.0,1250
1.6,4,500GB HDD,2.2,324.0,1251
2.5,4,500GB HDD,1.86,399.0,1252
2.3,6,128GB SSD,2.4,569.0,1253
2.3,8,256GB SSD,1.9,1072.0,1254
1.6,4,500GB HDD,2.2,443.99,1255
1.1,4,1TB HDD,2.0,339.0,1256
2.6,16,128GB SSD +  1TB HDD,4.0,1900.0,1257
2.0,4,500GB HDD,2.29,490.0,1258
2.5,8,1.0TB Hybrid,2.32,895.0,1259
2.6,8,128GB SSD +  1TB HDD,2.4,1229.0,1260
2.3,4,128GB SSD,1.8,833.01,1261
0.9,8,512GB SSD,1.2,729.0,1262
2.4,6,1TB HDD,2.3,459.0,1263
1.6,4,500GB HDD,2.4,289.0,1264
1.6,2,500GB HDD,2.2,379.0,1265
2.6,8,1TB HDD,2.6,899.0,1266
2.9,6,1.0TB Hybrid,2.04,549.99,1267
2.7,8,1TB HDD,2.3,805.99,1268
1.6,2,32GB Flash Storage,1.17,209.0,1269
2.5,4,500GB HDD,2.2,720.32,1270
2.5,4,128GB SSD,1.8,638.0,1271
2.5,16,512GB SSD,1.3,1499.0,1272
1.6,2,64GB Flash Storage,1.5,229.0,1273
2.5,6,1TB HDD,2.19,764.0,1274
1.6,4,500GB HDD,2.2,369.0,1275
